{"cameraMode":{"drawMode":0,"name":"Shaded","section":"Shading Mode"},"sceneLighting":true,"audioPlay":false,"sceneViewState":{"showFog":true,"showMaterialUpdate":false,"showSkybox":true,"showFlares":true,"showImageEffects":true,"showParticleSystems":true},"in2DMode":false,"pivot":{"x":0.001004546880722046,"y":-18.6336727142334,"z":34.45170211791992},"rotation":{"x":-0.0024765816051512958,"y":0.9772687554359436,"z":-0.21168118715286256,"w":-0.011433560401201249},"size":96.21099853515625,"orthographic":false}